front_size,mean
1,0.00040800000000000005
2,0.0005499999999999999
4,0.0033320000000000003
8,0.024718999999999998
16,0.18488100000000002
32,1.7499110000000002
64,38.250489
