front_size,mean
1,0.0016679999999999998
2,0.001881
4,0.0016659999999999997
8,0.00324
16,0.015511
32,0.017765999999999997
64,0.047420000000000004
128,0.099402
256,0.199449
512,0.41841
1024,0.9163260000000001
2048,2.011269
4096,4.610922
8192,10.817114
16384,26.532857999999997
32768,63.027660000000004
