front_size,mean
1,0.0001
2,0.0016660000000000002
4,0.000508
8,0.020577
16,0.172926
32,1.7041160000000002
64,14.081671
