front_size,mean
1,0.000189
2,0.00043100000000000007
4,0.000906
8,0.002399
16,0.008383
32,0.028960999999999997
64,0.113866
128,0.397554
256,1.518473
512,4.77656
1024,13.229012
2048,79.277649
