front_size,mean
1,0.0001
2,0.000575
4,0.0016140000000000002
8,0.006407
16,0.030671999999999998
32,0.160115
64,0.790447
128,5.326326
256,52.68567399999999
