front_size,mean
1,0.0001
2,0.00028
4,0.000369
8,0.0013000000000000002
16,0.003976
32,0.015098
64,0.054252999999999996
128,0.222425
256,0.979378
512,4.780483
1024,14.428039000000002
2048,55.271781
