front_size,mean
1,0.001667
2,0.0001
4,0.0016660000000000002
8,0.004293
16,0.011628999999999999
32,0.036743
64,0.123922
128,0.45855500000000005
256,1.59602
512,5.890182
1024,21.809169
