front_size,mean
1,0.0001
2,0.0018569999999999997
4,0.0032099999999999997
8,0.012058
16,0.063412
32,0.338522
64,1.899331
128,10.468727
256,61.880714999999995
