front_size,mean
1,0.0005020000000000001
2,0.0017159999999999999
4,0.0010350000000000001
8,0.003922
16,0.010797999999999999
32,0.033149
64,0.11835999999999999
128,0.41237
256,1.517555
512,5.689347
1024,21.431754
2048,81.448835
