front_size,mean
1,0.002053
2,0.006448000000000001
4,0.017564
8,0.064728
16,0.306726
32,1.819979
64,15.941650999999998
