front_size,mean
1,0.0001
2,0.0001
4,0.0005030000000000001
8,0.0001
16,0.0005039999999999999
32,0.002527
64,0.006192
128,0.014519
256,0.038015
512,0.137523
1024,0.259645
2048,0.6982079999999999
4096,1.8888939999999999
8192,5.291132
16384,8.743686
32768,30.360688
