front_size,mean
1,0.0021040000000000004
2,0.0032389999999999997
4,0.00891
8,0.018177000000000002
16,0.064464
32,0.236688
64,1.028813
128,5.191649
256,48.499815
