front_size,mean
1,0.0001
2,0.0001
4,0.0017019999999999997
8,0.011181
16,0.061427999999999996
32,0.334773
64,1.8351680000000001
128,9.881986
256,53.741057999999995
