front_size,mean
1,0.00138
2,0.002731
4,0.007325
8,0.020301
16,0.066925
32,0.25030800000000003
64,1.357459
128,12.316872
256,45.160906
