front_size,mean
1,0.001208
2,0.0001
4,0.001693
8,0.0016970000000000002
16,0.003277
32,0.00419
64,0.007956
128,0.019129
256,0.049895
512,0.120054
1024,0.30777
2048,0.8141149999999999
4096,2.128717
8192,5.8519559999999995
16384,15.976161
32768,45.078015
