front_size,mean
1,0.0001
2,0.000363
4,0.002703
8,0.020406
16,0.15627
32,1.342489
64,13.657392999999999
