front_size,mean
1,0.001745
2,0.002093
4,0.003231
8,0.012768000000000002
16,0.07357899999999999
32,0.359219
64,1.9234529999999999
128,10.017538
256,44.490187000000006
