front_size,mean
1,0.0001
2,0.0001
4,0.0001
8,0.00028700000000000004
16,0.000645
32,0.001313
64,0.002726
128,0.006769
256,0.017846
512,0.046995999999999996
1024,0.12679400000000002
2048,0.348338
4096,0.958096
8192,2.747203
16384,7.794171
32768,26.469471
