front_size,multiplier
1.0,1.131578947368421
2.0,1.3214285714285716
4.0,1.352112676056338
8.0,1.5778466305189
16.0,1.2761290322580645
32.0,1.1863551320541268
64.0,1.068269111634245
128.0,1.0439860556221903
256.0,1.0243534341075775
512.0,1.0231779475539196
1024.0,1.0131717063937584
