front_size,multiplier
1.0,0.5263157894736842
2.0,0.9716775599128541
4.0,2.928571428571429
8.0,1.420300214438885
16.0,1.0666666666666895
32.0,1.262217587765042
64.0,1.1761612952035125
128.0,1.0127740853737586
256.0,1.0985715075350533
512.0,1.0088712057290976
1024.0,1.0228986859497706
2048.0,0.9832217841889073
