front_size,multiplier
1.0,7.336021505376345
2.0,20.239285714285717
4.0,6.588950276243095
8.0,4.421437686091025
16.0,2.9333726110370337
32.0,2.3184887608980285
64.0,1.504482157767326
