front_size,multiplier
1.0,7.26
2.0,5.574468085105851
4.0,4.807142857142858
8.0,8.42741935483871
16.0,6.818805093046033
32.0,4.683103448275862
64.0,5.198830409356725
128.0,4.056883509833585
256.0,2.9119202945959644
512.0,2.2342288474437026
1024.0,1.438927703668576
2048.0,1.2114015768468653
4096.0,1.087089684022955
8192.0,1.0630271549727837
