front_size,multiplier
1.0,1.033210332103321
2.0,1.032520325203252
4.0,1.657213316892725
8.0,1.254948364888124
16.0,1.0575826681870013
32.0,1.1025229459006267
64.0,1.0397529084239747
128.0,0.9197793980596868
