front_size,multiplier
1.0,13.2
2.0,5.782515991472448
4.0,7.025246981339188
8.0,4.817159618675141
16.0,2.7494270435447037
32.0,1.773299957587301
64.0,1.4056711636350692
128.0,1.1947926972361842
256.0,1.1035173101435642
