front_size,multiplier
1.0,10.032142857142858
2.0,10.192477876106196
4.0,8.09966960352423
8.0,5.3570193794923116
16.0,2.8237932890723125
32.0,1.8131240805274658
64.0,1.4331419998910389
