front_size,multiplier
1.0,0.510752688172043
2.0,3.6607142857142865
4.0,1.7270718232044198
8.0,1.384091875797533
16.0,1.3880016951430016
32.0,1.3470702044379075
64.0,1.2919989393472249
