front_size,multiplier
1.0,2.8
2.0,1.0106382978723405
4.0,1.3571428571428574
8.0,1.967741935483871
16.0,1.078354554358472
32.0,0.9562068965517242
64.0,1.3278626674212224
128.0,1.172768532526475
256.0,1.162588556367649
512.0,1.0883122150065774
1024.0,1.1254968814175548
2048.0,1.1949369430376755
4096.0,1.1832972807503668
8192.0,1.1077681734060294
