front_size,multiplier
1.0,0.6810035842293907
2.0,0.8333333333333334
4.0,1.7593406593406593
8.0,0.6369805929277295
16.0,0.9634960289347104
32.0,1.0043715042684722
64.0,0.9982011205418944
128.0,1.0163954616586763
256.0,0.9654545010201441
