front_size,multiplier
1.0,4.442804428044281
2.0,7.498644986449864
4.0,7.50308261405672
8.0,4.02065404475043
16.0,2.208772805017104
32.0,1.6109732150736926
64.0,1.26672428419514
128.0,1.0424005375230971
