front_size,multiplier
1.0,7.54
2.0,9.09
4.0,6.264285714285714
8.0,10.217241379310344
16.0,10.524500907441018
32.0,8.01511879049676
64.0,6.64321295143213
128.0,6.44282130736314
256.0,5.428768520184753
512.0,4.593092870219188
1024.0,4.258123678866
2048.0,3.37565514109315
4096.0,2.619273419542751
8192.0,2.3354468650387528
16384.0,2.0446054634435233
32768.0,1.8045021081465624
65536.0,1.5746207734231104
