front_size,multiplier
1.0,4.333333333333333
2.0,4.695652173913044
4.0,8.281318681318572
8.0,2.274556494820812
16.0,2.254185465528167
32.0,1.7168015896379156
64.0,1.2614969489355823
128.0,1.0923548015401496
256.0,1.06927978500691
