front_size,multiplier
1.0,2.9742268041237114
2.0,11.04
4.0,7.721052631578947
8.0,6.357142857142857
16.0,7.490331491712706
32.0,7.3437086092715225
64.0,5.853638814016172
128.0,5.381849107034447
256.0,5.2924151696606785
512.0,4.417845587019674
1024.0,3.755468403707915
2048.0,3.2508537549407115
4096.0,2.7565980672814816
8192.0,2.4366325980723484
16384.0,2.0857500144415018
32768.0,1.8006766468505102
65536.0,1.605585827179317
