front_size,multiplier
1.0,2.42
2.0,0.6810035842293907
4.0,2.6619217081850532
8.0,1.17012151536812
16.0,1.3305568776772965
32.0,1.2617628043962361
64.0,1.1537862604563855
128.0,1.0137627816998718
256.0,0.9639756848634689
512.0,1.0217508081006772
1024.0,0.9673626210647434
2048.0,0.9900726773135081
