front_size,multiplier
1.0,4.292993630573248
2.0,7.054687499999999
4.0,7.300492610837439
8.0,3.3372160264353576
16.0,1.5834378119385106
32.0,1.1057402588186087
64.0,1.0350577605199485
