front_size,multiplier
1.0,1.0021231422505308
2.0,1.5687499999999996
4.0,1.7450738916256159
8.0,1.2185873605947957
16.0,1.0417408664404064
32.0,0.944075641893856
64.0,0.9828416699524198
