front_size,multiplier
1.0,5.13157894736842
2.0,3.052287581699346
4.0,13.739285714285359
8.0,5.5625446747676905
16.0,3.6547390841321334
32.0,3.1847062912756563
64.0,2.5922038129822997
128.0,1.4734449409263373
256.0,1.4514498227671566
512.0,1.2476804319061763
1024.0,1.168616717902072
2048.0,1.0654405981698019
