front_size,multiplier
1.0,4.63
2.0,1.750533049040885
4.0,1.6388583973655324
8.0,1.2236616964067466
16.0,1.217675706646296
32.0,1.0885094846441086
64.0,1.0473811981632435
128.0,0.9719506445930729
256.0,1.0131677107130683
