front_size,multiplier
1.0,2.81
2.0,2.099999999999
4.0,1.324999999999643
8.0,1.686206896551724
16.0,1.8475499092558987
32.0,1.735781137508999
64.0,1.571917808219178
128.0,1.5992326988342924
256.0,1.4241497210725211
512.0,1.3174756320815397
1024.0,1.3301902432958925
2048.0,1.2654482372050588
4096.0,1.1214374279882326
8192.0,1.1256664780108443
16384.0,1.1151596221724325
32768.0,1.1009624664375974
65536.0,1.0742671562208816
