front_size,multiplier
1.0,1.3142857142857145
2.0,1.43141592920354
4.0,1.4096916299559474
8.0,1.293239923573833
16.0,1.2242717865901072
32.0,1.3648748051084796
64.0,1.362705422215036
