front_size,multiplier
1.0,9.04
2.0,4.892473118279569
4.0,12.483985765124554
8.0,5.48892065761258
16.0,3.9659685863874343
32.0,3.166870196106602
64.0,2.8026912096468286
128.0,1.5897344421274775
256.0,1.340671287609545
512.0,1.2418372362855021
1024.0,1.106592978847234
2048.0,1.0694287597042957
