front_size,multiplier
1.0,0.5154639175257733
2.0,1.0
4.0,2.0736842105263156
8.0,1.4567099567099566
16.0,1.3743093922651932
32.0,1.7046357615894039
64.0,1.3541778975741239
128.0,1.3351962094520877
256.0,1.3220926567916746
512.0,1.3026144871401244
1024.0,1.2846749792826997
2048.0,1.2506245059288539
4096.0,1.1550262182063453
8192.0,1.1363308558212766
16384.0,1.13323063301021
32768.0,1.075227785437125
65536.0,1.0618826171577915
