front_size,multiplier
1.0,5.4526315789473685
2.0,7.064285714285358
4.0,5.890453834115806
8.0,5.957397366382649
16.0,3.3926267281105806
32.0,2.1413218465822563
64.0,1.5026733890567368
128.0,1.2534968806357811
256.0,1.1088025093136797
512.0,1.0629183426820639
1024.0,1.0200293949010657
