front_size,mean
1,0.000279
2,0.0005520000000000001
4,0.00091
8,0.008399
16,0.026819
32,0.13588
64,0.824958
128,4.725515
256,27.660795999999998
