front_size,mean
1,0.002729
2,0.005667
4,0.011926
8,0.051974
16,0.28379499999999996
32,2.023992
64,16.385926
