front_size,mean
1,0.00026900000000000003
2,0.000825
4,0.007377
8,0.06764099999999999
16,0.578637
32,3.08183
64,14.390437
