front_size,mean
1,0.00019
2,0.00045900000000000004
4,0.00028
8,0.001399
16,0.0046949999999999995
32,0.014384999999999998
64,0.052871999999999995
128,0.231406
256,0.705569
512,2.599083
1024,9.208476000000001
2048,33.690233
