front_size,mean
1,0.0001
2,0.00018800000000000002
4,0.00028
8,0.00037200000000000004
16,0.001021
32,0.0029000000000000002
64,0.005301
128,0.016525
256,0.053496999999999996
512,0.192329
1024,0.733827
2048,2.8973009999999997
4096,11.609894
8192,46.482535999999996
