front_size,mean
1,0.00019
2,0.00028
4,0.000639
8,0.001291
16,0.005425
32,0.022983
64,0.10492300000000002
128,0.46355599999999997
256,2.114363
512,9.579018999999999
1024,45.465028000000004
