front_size,mean
1,0.0001
2,0.005393
4,0.008997
8,0.015517
16,0.041750999999999996
32,0.092737
64,0.256353
128,0.745817
256,2.226105
512,7.196143000000001
1024,25.106460000000002
2048,88.380384
