front_size,mean
1,0.00027100000000000003
2,0.000369
4,0.0008110000000000001
8,0.004648
16,0.028064
32,0.18129599999999998
64,1.255405
128,9.490941000000001
