front_size,mean
1,0.00028
2,0.000452
4,0.001816
8,0.010991
16,0.083595
32,0.8184039999999999
64,9.104175999999999
