front_size,mean
1,0.0001
2,0.00046899999999999996
4,0.000911
8,0.004091
16,0.020943999999999997
32,0.12024699999999999
64,0.702325
128,4.216924000000001
256,24.901671
