front_size,mean
1,0.0001
2,0.0001
4,0.00028
8,0.00029
16,0.0005510000000000001
32,0.001389
64,0.0032120000000000004
128,0.006777
256,0.016671
512,0.040422
1024,0.09650800000000001
2048,0.244413
4096,0.683916
8192,1.7050450000000001
16384,4.471246
32768,11.983275
65536,33.007444
