front_size,mean
1,0.0001
2,0.000279
4,0.000281
8,0.001399
16,0.004202
32,0.013921
64,0.05008900000000001
128,0.199015
256,0.724816
512,2.455449
1024,9.338495
2048,33.584483
