front_size,mean
1,0.00019
2,0.00028
4,0.00019
8,0.0005480000000000001
16,0.0008959999999999999
32,0.001966
64,0.004433
128,0.010555
256,0.024812999999999998
512,0.061776
1024,0.153506
2048,0.394393
4096,1.042802
8192,2.835823
16384,7.929222
32768,21.237074999999997
65536,58.635079
