front_size,mean
1,0.0011049999999999999
2,0.001901
4,0.004321
8,0.029667
16,0.192519
32,1.4037169999999999
64,13.943087
