front_size,mean
1,0.000567
2,0.0007700000000000001
4,0.001624
8,0.0027990000000000003
16,0.005394
32,0.010602
64,0.02139
128,0.043873999999999996
256,0.091046
512,0.192581
1024,0.415167
2048,0.918547
4096,2.0939
8192,5.678168
16384,24.259627000000002
32768,59.204722000000004
