front_size,mean
1,0.000194
2,0.0001
4,0.00019
8,0.000462
16,0.000724
32,0.00151
64,0.00371
128,0.008230999999999999
256,0.019038
512,0.042341000000000004
1024,0.103778
2048,0.253
4096,0.643446
8192,1.634839
16384,4.275871
32768,11.524771000000001
65536,30.873064
