front_size,mean
1,0.00225
2,0.003801
4,0.0071129999999999995
8,0.015735
16,0.038650000000000004
32,0.093626
64,0.250351
128,0.699545
256,2.12765
512,6.916499999999999
1024,24.885253
2048,87.960153
