front_size,mean
1,0.00037200000000000004
2,0.00028
4,0.0018100000000000002
8,0.011755
16,0.096747
32,0.872979
64,10.891406
