front_size,mean
1,0.00047100000000000006
2,0.00064
4,0.001624
8,0.012105000000000001
16,0.125225
32,1.324557
64,15.227356
